"Status","Start Time","Stop Time","Duration in ms","Parent Suite","Suite","Sub Suite","Test Class","Test Method","Name","Description"
"passed","Mon Feb 18 05:01:16 IST 2019","Mon Feb 18 05:01:17 IST 2019","912","","Test Descriptions for every Job","","Test Descriptions for every Job"," User Should be able to view job details for the third job"," User Should be able to view job details for the third job",""
"passed","Mon Feb 18 05:01:26 IST 2019","Mon Feb 18 05:01:27 IST 2019","747","","Test HeyJobs Navigation from Job Details page to Home page","","Test HeyJobs Navigation from Job Details page to Home page"," User Should be able to navigate back to home page from the second job"," User Should be able to navigate back to home page from the second job",""
"passed","Mon Feb 18 05:01:03 IST 2019","Mon Feb 18 05:01:03 IST 2019","536","","Test HeyJobs Details on the Home Page","","Test HeyJobs Details on the Home Page"," Should be able to view the Image, Company Name and Company Location for second job"," Should be able to view the Image, Company Name and Company Location for second job",""
"passed","Mon Feb 18 05:01:23 IST 2019","Mon Feb 18 05:01:24 IST 2019","1059","","Test HeyJobs Navigation from Job Details page to Home page","","Test HeyJobs Navigation from Job Details page to Home page"," User Should be able to navigate back to home page from the first job"," User Should be able to navigate back to home page from the first job",""
"passed","Mon Feb 18 05:00:58 IST 2019","Mon Feb 18 05:01:01 IST 2019","2557","","Test HeyJobs Details on the Home Page","","Test HeyJobs Details on the Home Page","Should be able to view the Image, Company Name and Company Location for first job","Should be able to view the Image, Company Name and Company Location for first job",""
"passed","Mon Feb 18 05:01:05 IST 2019","Mon Feb 18 05:01:05 IST 2019","490","","Test HeyJobs Details on the Home Page","","Test HeyJobs Details on the Home Page"," Should be able to view the Image, Company Name and Company Location for third job"," Should be able to view the Image, Company Name and Company Location for third job",""
"passed","Mon Feb 18 05:01:20 IST 2019","Mon Feb 18 05:01:21 IST 2019","1019","","Test Descriptions for every Job","","Test Descriptions for every Job"," User Should be able to view job details for the fifth job"," User Should be able to view job details for the fifth job",""
"passed","Mon Feb 18 05:01:07 IST 2019","Mon Feb 18 05:01:07 IST 2019","568","","Test HeyJobs Details on the Home Page","","Test HeyJobs Details on the Home Page"," Should be able to view the Image, Company Name and Company Location for fourth job"," Should be able to view the Image, Company Name and Company Location for fourth job",""
"passed","Mon Feb 18 05:01:09 IST 2019","Mon Feb 18 05:01:10 IST 2019","721","","Test HeyJobs Details on the Home Page","","Test HeyJobs Details on the Home Page"," Should be able to view the Image, Company Name and Company Location for fifth job"," Should be able to view the Image, Company Name and Company Location for fifth job",""
"passed","Mon Feb 18 05:01:29 IST 2019","Mon Feb 18 05:01:30 IST 2019","765","","Test HeyJobs Navigation from Job Details page to Home page","","Test HeyJobs Navigation from Job Details page to Home page"," User Should be able to navigate back to home page from the third job"," User Should be able to navigate back to home page from the third job",""
"passed","Mon Feb 18 05:01:14 IST 2019","Mon Feb 18 05:01:15 IST 2019","976","","Test Descriptions for every Job","","Test Descriptions for every Job"," User Should be able to view job details for the second job"," User Should be able to view job details for the second job",""
"passed","Mon Feb 18 05:01:33 IST 2019","Mon Feb 18 05:01:34 IST 2019","873","","Test HeyJobs Navigation from Job Details page to Home page","","Test HeyJobs Navigation from Job Details page to Home page"," User Should be able to navigate back to home page from the fifth job"," User Should be able to navigate back to home page from the fifth job",""
"passed","Mon Feb 18 05:01:31 IST 2019","Mon Feb 18 05:01:32 IST 2019","703","","Test HeyJobs Navigation from Job Details page to Home page","","Test HeyJobs Navigation from Job Details page to Home page"," User Should be able to navigate back to home page from the fourth job"," User Should be able to navigate back to home page from the fourth job",""
"passed","Mon Feb 18 05:01:18 IST 2019","Mon Feb 18 05:01:19 IST 2019","1102","","Test Descriptions for every Job","","Test Descriptions for every Job"," User Should be able to view job details for the fourth job"," User Should be able to view job details for the fourth job",""
"passed","Mon Feb 18 05:01:12 IST 2019","Mon Feb 18 05:01:13 IST 2019","1118","","Test Descriptions for every Job","","Test Descriptions for every Job"," User Should be able to view job details for the first job"," User Should be able to view job details for the first job",""
